gs://backyardhacks2020-gcp/bloodroot_phone_1.jpg, Bloodroot
gs://backyardhacks2020-gcp/bloodroot_phone_10.jpg, Bloodroot
gs://backyardhacks2020-gcp/bloodroot_phone_100.jpg, Bloodroot
gs://backyardhacks2020-gcp/bloodroot_phone_101.jpg, Bloodroot
gs://backyardhacks2020-gcp/bloodroot_phone_102.jpg, Bloodroot
gs://backyardhacks2020-gcp/bloodroot_phone_103.jpg, Bloodroot
gs://backyardhacks2020-gcp/bloodroot_phone_104.jpg, Bloodroot
gs://backyardhacks2020-gcp/bloodroot_phone_105.jpg, Bloodroot
gs://backyardhacks2020-gcp/bloodroot_phone_106.jpg, Bloodroot
gs://backyardhacks2020-gcp/bloodroot_phone_107.jpg, Bloodroot
gs://backyardhacks2020-gcp/bloodroot_phone_108.jpg, Bloodroot
gs://backyardhacks2020-gcp/bloodroot_phone_109.jpg, Bloodroot
gs://backyardhacks2020-gcp/bloodroot_phone_11.jpg, Bloodroot
gs://backyardhacks2020-gcp/bloodroot_phone_110.jpg, Bloodroot
gs://backyardhacks2020-gcp/bloodroot_phone_111.jpg, Bloodroot
gs://backyardhacks2020-gcp/bloodroot_phone_112.jpg, Bloodroot
gs://backyardhacks2020-gcp/bloodroot_phone_113.jpg, Bloodroot
gs://backyardhacks2020-gcp/bloodroot_phone_114.jpg, Bloodroot
gs://backyardhacks2020-gcp/bloodroot_phone_115.jpg, Bloodroot
gs://backyardhacks2020-gcp/bloodroot_phone_116.jpg, Bloodroot
gs://backyardhacks2020-gcp/bloodroot_phone_117.jpg, Bloodroot
gs://backyardhacks2020-gcp/bloodroot_phone_118.jpg, Bloodroot
gs://backyardhacks2020-gcp/bloodroot_phone_119.jpg, Bloodroot
gs://backyardhacks2020-gcp/bloodroot_phone_12.jpg, Bloodroot
gs://backyardhacks2020-gcp/bloodroot_phone_120.jpg, Bloodroot
gs://backyardhacks2020-gcp/bloodroot_phone_121.jpg, Bloodroot
gs://backyardhacks2020-gcp/bloodroot_phone_122.jpg, Bloodroot
gs://backyardhacks2020-gcp/bloodroot_phone_123.jpg, Bloodroot
gs://backyardhacks2020-gcp/bloodroot_phone_124.jpg, Bloodroot
gs://backyardhacks2020-gcp/bloodroot_phone_125.jpg, Bloodroot
gs://backyardhacks2020-gcp/bloodroot_phone_13.jpg, Bloodroot
gs://backyardhacks2020-gcp/bloodroot_phone_14.jpg, Bloodroot
gs://backyardhacks2020-gcp/bloodroot_phone_15.jpg, Bloodroot
gs://backyardhacks2020-gcp/bloodroot_phone_16.jpg, Bloodroot
gs://backyardhacks2020-gcp/bloodroot_phone_17.jpg, Bloodroot
gs://backyardhacks2020-gcp/bloodroot_phone_18.jpg, Bloodroot
gs://backyardhacks2020-gcp/bloodroot_phone_19.jpg, Bloodroot
gs://backyardhacks2020-gcp/bloodroot_phone_2.jpg, Bloodroot
gs://backyardhacks2020-gcp/bloodroot_phone_20.jpg, Bloodroot
gs://backyardhacks2020-gcp/bloodroot_phone_21.jpg, Bloodroot
gs://backyardhacks2020-gcp/bloodroot_phone_22.jpg, Bloodroot
gs://backyardhacks2020-gcp/bloodroot_phone_23.jpg, Bloodroot
gs://backyardhacks2020-gcp/bloodroot_phone_24.jpg, Bloodroot
gs://backyardhacks2020-gcp/bloodroot_phone_25.jpg, Bloodroot
gs://backyardhacks2020-gcp/bloodroot_phone_26.jpg, Bloodroot
gs://backyardhacks2020-gcp/bloodroot_phone_27.jpg, Bloodroot
gs://backyardhacks2020-gcp/bloodroot_phone_28.jpg, Bloodroot
gs://backyardhacks2020-gcp/bloodroot_phone_29.jpg, Bloodroot
gs://backyardhacks2020-gcp/bloodroot_phone_3.jpg, Bloodroot
gs://backyardhacks2020-gcp/bloodroot_phone_30.jpg, Bloodroot
gs://backyardhacks2020-gcp/bloodroot_phone_31.jpg, Bloodroot
gs://backyardhacks2020-gcp/bloodroot_phone_32.jpg, Bloodroot
gs://backyardhacks2020-gcp/bloodroot_phone_33.jpg, Bloodroot
gs://backyardhacks2020-gcp/bloodroot_phone_34.jpg, Bloodroot
gs://backyardhacks2020-gcp/bloodroot_phone_35.jpg, Bloodroot
gs://backyardhacks2020-gcp/bloodroot_phone_36.jpg, Bloodroot
gs://backyardhacks2020-gcp/bloodroot_phone_37.jpg, Bloodroot
gs://backyardhacks2020-gcp/bloodroot_phone_38.jpg, Bloodroot
gs://backyardhacks2020-gcp/bloodroot_phone_39.jpg, Bloodroot
gs://backyardhacks2020-gcp/bloodroot_phone_4.jpg, Bloodroot
gs://backyardhacks2020-gcp/bloodroot_phone_40.jpg, Bloodroot
gs://backyardhacks2020-gcp/bloodroot_phone_41.jpg, Bloodroot
gs://backyardhacks2020-gcp/bloodroot_phone_42.jpg, Bloodroot
gs://backyardhacks2020-gcp/bloodroot_phone_43.jpg, Bloodroot
gs://backyardhacks2020-gcp/bloodroot_phone_44.jpg, Bloodroot
gs://backyardhacks2020-gcp/bloodroot_phone_45.jpg, Bloodroot
gs://backyardhacks2020-gcp/bloodroot_phone_46.jpg, Bloodroot
gs://backyardhacks2020-gcp/bloodroot_phone_47.jpg, Bloodroot
gs://backyardhacks2020-gcp/bloodroot_phone_48.jpg, Bloodroot
gs://backyardhacks2020-gcp/bloodroot_phone_49.jpg, Bloodroot
gs://backyardhacks2020-gcp/bloodroot_phone_5.jpg, Bloodroot
gs://backyardhacks2020-gcp/bloodroot_phone_50.jpg, Bloodroot
gs://backyardhacks2020-gcp/bloodroot_phone_51.jpg, Bloodroot
gs://backyardhacks2020-gcp/bloodroot_phone_52.jpg, Bloodroot
gs://backyardhacks2020-gcp/bloodroot_phone_53.jpg, Bloodroot
gs://backyardhacks2020-gcp/bloodroot_phone_54.jpg, Bloodroot
gs://backyardhacks2020-gcp/bloodroot_phone_55.jpg, Bloodroot
gs://backyardhacks2020-gcp/bloodroot_phone_56.jpg, Bloodroot
gs://backyardhacks2020-gcp/bloodroot_phone_57.jpg, Bloodroot
gs://backyardhacks2020-gcp/bloodroot_phone_58.jpg, Bloodroot
gs://backyardhacks2020-gcp/bloodroot_phone_59.jpg, Bloodroot
gs://backyardhacks2020-gcp/bloodroot_phone_6.jpg, Bloodroot
gs://backyardhacks2020-gcp/bloodroot_phone_60.jpg, Bloodroot
gs://backyardhacks2020-gcp/bloodroot_phone_61.jpg, Bloodroot
gs://backyardhacks2020-gcp/bloodroot_phone_62.jpg, Bloodroot
gs://backyardhacks2020-gcp/bloodroot_phone_63.jpg, Bloodroot
gs://backyardhacks2020-gcp/bloodroot_phone_64.jpg, Bloodroot
gs://backyardhacks2020-gcp/bloodroot_phone_65.jpg, Bloodroot
gs://backyardhacks2020-gcp/bloodroot_phone_66.jpg, Bloodroot
gs://backyardhacks2020-gcp/bloodroot_phone_67.jpg, Bloodroot
gs://backyardhacks2020-gcp/bloodroot_phone_68.jpg, Bloodroot
gs://backyardhacks2020-gcp/bloodroot_phone_69.jpg, Bloodroot
gs://backyardhacks2020-gcp/bloodroot_phone_7.jpg, Bloodroot
gs://backyardhacks2020-gcp/bloodroot_phone_70.jpg, Bloodroot
gs://backyardhacks2020-gcp/bloodroot_phone_71.jpg, Bloodroot
gs://backyardhacks2020-gcp/bloodroot_phone_72.jpg, Bloodroot
gs://backyardhacks2020-gcp/bloodroot_phone_73.jpg, Bloodroot
gs://backyardhacks2020-gcp/bloodroot_phone_74.jpg, Bloodroot
gs://backyardhacks2020-gcp/bloodroot_phone_75.jpg, Bloodroot
gs://backyardhacks2020-gcp/bloodroot_phone_76.jpg, Bloodroot
gs://backyardhacks2020-gcp/bloodroot_phone_77.jpg, Bloodroot
gs://backyardhacks2020-gcp/bloodroot_phone_78.jpg, Bloodroot
gs://backyardhacks2020-gcp/bloodroot_phone_79.jpg, Bloodroot
gs://backyardhacks2020-gcp/bloodroot_phone_8.jpg, Bloodroot
gs://backyardhacks2020-gcp/bloodroot_phone_80.jpg, Bloodroot
gs://backyardhacks2020-gcp/bloodroot_phone_81.jpg, Bloodroot
gs://backyardhacks2020-gcp/bloodroot_phone_82.jpg, Bloodroot
gs://backyardhacks2020-gcp/bloodroot_phone_83.jpg, Bloodroot
gs://backyardhacks2020-gcp/bloodroot_phone_84.jpg, Bloodroot
gs://backyardhacks2020-gcp/bloodroot_phone_85.jpg, Bloodroot
gs://backyardhacks2020-gcp/bloodroot_phone_86.jpg, Bloodroot
gs://backyardhacks2020-gcp/bloodroot_phone_87.jpg, Bloodroot
gs://backyardhacks2020-gcp/bloodroot_phone_88.jpg, Bloodroot
gs://backyardhacks2020-gcp/bloodroot_phone_89.jpg, Bloodroot
gs://backyardhacks2020-gcp/bloodroot_phone_9.jpg, Bloodroot
gs://backyardhacks2020-gcp/bloodroot_phone_90.jpg, Bloodroot
gs://backyardhacks2020-gcp/bloodroot_phone_91.jpg, Bloodroot
gs://backyardhacks2020-gcp/bloodroot_phone_92.jpg, Bloodroot
gs://backyardhacks2020-gcp/bloodroot_phone_93.jpg, Bloodroot
gs://backyardhacks2020-gcp/bloodroot_phone_94.jpg, Bloodroot
gs://backyardhacks2020-gcp/bloodroot_phone_95.jpg, Bloodroot
gs://backyardhacks2020-gcp/bloodroot_phone_96.jpg, Bloodroot
gs://backyardhacks2020-gcp/bloodroot_phone_97.jpg, Bloodroot
gs://backyardhacks2020-gcp/bloodroot_phone_98.jpg, Bloodroot
gs://backyardhacks2020-gcp/bloodroot_phone_99.jpg, Bloodroot
gs://backyardhacks2020-gcp/dandelion_internet_1.jpeg, Dandelion
gs://backyardhacks2020-gcp/dandelion_internet_1.jpg, Dandelion
gs://backyardhacks2020-gcp/dandelion_internet_1.png, Dandelion
gs://backyardhacks2020-gcp/dandelion_internet_10.jpg, Dandelion
gs://backyardhacks2020-gcp/dandelion_internet_11.jpg, Dandelion
gs://backyardhacks2020-gcp/dandelion_internet_12.jpg, Dandelion
gs://backyardhacks2020-gcp/dandelion_internet_13.jpg, Dandelion
gs://backyardhacks2020-gcp/dandelion_internet_14.jpg, Dandelion
gs://backyardhacks2020-gcp/dandelion_internet_15.jpg, Dandelion
gs://backyardhacks2020-gcp/dandelion_internet_16.jpg, Dandelion
gs://backyardhacks2020-gcp/dandelion_internet_17.jpg, Dandelion
gs://backyardhacks2020-gcp/dandelion_internet_18.jpg, Dandelion
gs://backyardhacks2020-gcp/dandelion_internet_19.jpg, Dandelion
gs://backyardhacks2020-gcp/dandelion_internet_2.jpeg, Dandelion
gs://backyardhacks2020-gcp/dandelion_internet_2.jpg, Dandelion
gs://backyardhacks2020-gcp/dandelion_internet_2.png, Dandelion
gs://backyardhacks2020-gcp/dandelion_internet_20.jpg, Dandelion
gs://backyardhacks2020-gcp/dandelion_internet_21.jpg, Dandelion
gs://backyardhacks2020-gcp/dandelion_internet_22.jpg, Dandelion
gs://backyardhacks2020-gcp/dandelion_internet_23.jpg, Dandelion
gs://backyardhacks2020-gcp/dandelion_internet_24.jpg, Dandelion
gs://backyardhacks2020-gcp/dandelion_internet_25.jpg, Dandelion
gs://backyardhacks2020-gcp/dandelion_internet_26.jpg, Dandelion
gs://backyardhacks2020-gcp/dandelion_internet_27.jpg, Dandelion
gs://backyardhacks2020-gcp/dandelion_internet_28.jpg, Dandelion
gs://backyardhacks2020-gcp/dandelion_internet_29.jpg, Dandelion
gs://backyardhacks2020-gcp/dandelion_internet_3.jpg, Dandelion
gs://backyardhacks2020-gcp/dandelion_internet_30.jpg, Dandelion
gs://backyardhacks2020-gcp/dandelion_internet_31.jpg, Dandelion
gs://backyardhacks2020-gcp/dandelion_internet_32.jpg, Dandelion
gs://backyardhacks2020-gcp/dandelion_internet_33.jpg, Dandelion
gs://backyardhacks2020-gcp/dandelion_internet_34.jpg, Dandelion
gs://backyardhacks2020-gcp/dandelion_internet_35.jpg, Dandelion
gs://backyardhacks2020-gcp/dandelion_internet_36.jpg, Dandelion
gs://backyardhacks2020-gcp/dandelion_internet_37.jpg, Dandelion
gs://backyardhacks2020-gcp/dandelion_internet_38.jpg, Dandelion
gs://backyardhacks2020-gcp/dandelion_internet_39.jpg, Dandelion
gs://backyardhacks2020-gcp/dandelion_internet_4.jpg, Dandelion
gs://backyardhacks2020-gcp/dandelion_internet_40.jpg, Dandelion
gs://backyardhacks2020-gcp/dandelion_internet_41.jpg, Dandelion
gs://backyardhacks2020-gcp/dandelion_internet_42.jpg, Dandelion
gs://backyardhacks2020-gcp/dandelion_internet_43.jpg, Dandelion
gs://backyardhacks2020-gcp/dandelion_internet_44.jpg, Dandelion
gs://backyardhacks2020-gcp/dandelion_internet_45.jpg, Dandelion
gs://backyardhacks2020-gcp/dandelion_internet_46.jpg, Dandelion
gs://backyardhacks2020-gcp/dandelion_internet_47.jpg, Dandelion
gs://backyardhacks2020-gcp/dandelion_internet_48.jpg, Dandelion
gs://backyardhacks2020-gcp/dandelion_internet_49.jpg, Dandelion
gs://backyardhacks2020-gcp/dandelion_internet_5.jpg, Dandelion
gs://backyardhacks2020-gcp/dandelion_internet_50.jpg, Dandelion
gs://backyardhacks2020-gcp/dandelion_internet_6.jpg, Dandelion
gs://backyardhacks2020-gcp/dandelion_internet_7.jpg, Dandelion
gs://backyardhacks2020-gcp/dandelion_internet_8.jpg, Dandelion
gs://backyardhacks2020-gcp/dandelion_internet_9.jpg, Dandelion
gs://backyardhacks2020-gcp/dandelion_phone_1.jpg, Dandelion
gs://backyardhacks2020-gcp/dandelion_phone_10.jpg, Dandelion
gs://backyardhacks2020-gcp/dandelion_phone_11.jpg, Dandelion
gs://backyardhacks2020-gcp/dandelion_phone_12.jpg, Dandelion
gs://backyardhacks2020-gcp/dandelion_phone_13.jpg, Dandelion
gs://backyardhacks2020-gcp/dandelion_phone_14.jpg, Dandelion
gs://backyardhacks2020-gcp/dandelion_phone_15.jpg, Dandelion
gs://backyardhacks2020-gcp/dandelion_phone_16.jpg, Dandelion
gs://backyardhacks2020-gcp/dandelion_phone_17.jpg, Dandelion
gs://backyardhacks2020-gcp/dandelion_phone_18.jpg, Dandelion
gs://backyardhacks2020-gcp/dandelion_phone_19.jpg, Dandelion
gs://backyardhacks2020-gcp/dandelion_phone_2.jpg, Dandelion
gs://backyardhacks2020-gcp/dandelion_phone_20.jpg, Dandelion
gs://backyardhacks2020-gcp/dandelion_phone_21.jpg, Dandelion
gs://backyardhacks2020-gcp/dandelion_phone_22.jpg, Dandelion
gs://backyardhacks2020-gcp/dandelion_phone_23.jpg, Dandelion
gs://backyardhacks2020-gcp/dandelion_phone_24.jpg, Dandelion
gs://backyardhacks2020-gcp/dandelion_phone_25.jpg, Dandelion
gs://backyardhacks2020-gcp/dandelion_phone_26.jpg, Dandelion
gs://backyardhacks2020-gcp/dandelion_phone_27.jpg, Dandelion
gs://backyardhacks2020-gcp/dandelion_phone_28.jpg, Dandelion
gs://backyardhacks2020-gcp/dandelion_phone_29.jpg, Dandelion
gs://backyardhacks2020-gcp/dandelion_phone_3.jpg, Dandelion
gs://backyardhacks2020-gcp/dandelion_phone_30.jpg, Dandelion
gs://backyardhacks2020-gcp/dandelion_phone_31.jpg, Dandelion
gs://backyardhacks2020-gcp/dandelion_phone_32.jpg, Dandelion
gs://backyardhacks2020-gcp/dandelion_phone_33.jpg, Dandelion
gs://backyardhacks2020-gcp/dandelion_phone_34.jpg, Dandelion
gs://backyardhacks2020-gcp/dandelion_phone_35.jpg, Dandelion
gs://backyardhacks2020-gcp/dandelion_phone_36.jpg, Dandelion
gs://backyardhacks2020-gcp/dandelion_phone_37.jpg, Dandelion
gs://backyardhacks2020-gcp/dandelion_phone_38.jpg, Dandelion
gs://backyardhacks2020-gcp/dandelion_phone_39.jpg, Dandelion
gs://backyardhacks2020-gcp/dandelion_phone_4.jpg, Dandelion
gs://backyardhacks2020-gcp/dandelion_phone_40.jpg, Dandelion
gs://backyardhacks2020-gcp/dandelion_phone_41.jpg, Dandelion
gs://backyardhacks2020-gcp/dandelion_phone_42.jpg, Dandelion
gs://backyardhacks2020-gcp/dandelion_phone_43.jpg, Dandelion
gs://backyardhacks2020-gcp/dandelion_phone_44.jpg, Dandelion
gs://backyardhacks2020-gcp/dandelion_phone_45.jpg, Dandelion
gs://backyardhacks2020-gcp/dandelion_phone_46.jpg, Dandelion
gs://backyardhacks2020-gcp/dandelion_phone_47.jpg, Dandelion
gs://backyardhacks2020-gcp/dandelion_phone_48.jpg, Dandelion
gs://backyardhacks2020-gcp/dandelion_phone_49.jpg, Dandelion
gs://backyardhacks2020-gcp/dandelion_phone_5.jpg, Dandelion
gs://backyardhacks2020-gcp/dandelion_phone_6.jpg, Dandelion
gs://backyardhacks2020-gcp/dandelion_phone_7.jpg, Dandelion
gs://backyardhacks2020-gcp/dandelion_phone_8.jpg, Dandelion
gs://backyardhacks2020-gcp/dandelion_phone_9.jpg, Dandelion
gs://backyardhacks2020-gcp/english_ivy_phone_1.jpg, English_ivy
gs://backyardhacks2020-gcp/english_ivy_phone_10.jpg, English_ivy
gs://backyardhacks2020-gcp/english_ivy_phone_100.jpg, English_ivy
gs://backyardhacks2020-gcp/english_ivy_phone_101.jpg, English_ivy
gs://backyardhacks2020-gcp/english_ivy_phone_102.jpg, English_ivy
gs://backyardhacks2020-gcp/english_ivy_phone_103.jpg, English_ivy
gs://backyardhacks2020-gcp/english_ivy_phone_104.jpg, English_ivy
gs://backyardhacks2020-gcp/english_ivy_phone_11.jpg, English_ivy
gs://backyardhacks2020-gcp/english_ivy_phone_12.jpg, English_ivy
gs://backyardhacks2020-gcp/english_ivy_phone_13.jpg, English_ivy
gs://backyardhacks2020-gcp/english_ivy_phone_14.jpg, English_ivy
gs://backyardhacks2020-gcp/english_ivy_phone_15.jpg, English_ivy
gs://backyardhacks2020-gcp/english_ivy_phone_16.jpg, English_ivy
gs://backyardhacks2020-gcp/english_ivy_phone_17.jpg, English_ivy
gs://backyardhacks2020-gcp/english_ivy_phone_18.jpg, English_ivy
gs://backyardhacks2020-gcp/english_ivy_phone_19.jpg, English_ivy
gs://backyardhacks2020-gcp/english_ivy_phone_2.jpg, English_ivy
gs://backyardhacks2020-gcp/english_ivy_phone_20.jpg, English_ivy
gs://backyardhacks2020-gcp/english_ivy_phone_21.jpg, English_ivy
gs://backyardhacks2020-gcp/english_ivy_phone_22.jpg, English_ivy
gs://backyardhacks2020-gcp/english_ivy_phone_23.jpg, English_ivy
gs://backyardhacks2020-gcp/english_ivy_phone_24.jpg, English_ivy
gs://backyardhacks2020-gcp/english_ivy_phone_25.jpg, English_ivy
gs://backyardhacks2020-gcp/english_ivy_phone_26.jpg, English_ivy
gs://backyardhacks2020-gcp/english_ivy_phone_27.jpg, English_ivy
gs://backyardhacks2020-gcp/english_ivy_phone_28.jpg, English_ivy
gs://backyardhacks2020-gcp/english_ivy_phone_29.jpg, English_ivy
gs://backyardhacks2020-gcp/english_ivy_phone_3.jpg, English_ivy
gs://backyardhacks2020-gcp/english_ivy_phone_30.jpg, English_ivy
gs://backyardhacks2020-gcp/english_ivy_phone_31.jpg, English_ivy
gs://backyardhacks2020-gcp/english_ivy_phone_32.jpg, English_ivy
gs://backyardhacks2020-gcp/english_ivy_phone_33.jpg, English_ivy
gs://backyardhacks2020-gcp/english_ivy_phone_34.jpg, English_ivy
gs://backyardhacks2020-gcp/english_ivy_phone_35.jpg, English_ivy
gs://backyardhacks2020-gcp/english_ivy_phone_36.jpg, English_ivy
gs://backyardhacks2020-gcp/english_ivy_phone_37.jpg, English_ivy
gs://backyardhacks2020-gcp/english_ivy_phone_38.jpg, English_ivy
gs://backyardhacks2020-gcp/english_ivy_phone_39.jpg, English_ivy
gs://backyardhacks2020-gcp/english_ivy_phone_4.jpg, English_ivy
gs://backyardhacks2020-gcp/english_ivy_phone_40.jpg, English_ivy
gs://backyardhacks2020-gcp/english_ivy_phone_41.jpg, English_ivy
gs://backyardhacks2020-gcp/english_ivy_phone_42.jpg, English_ivy
gs://backyardhacks2020-gcp/english_ivy_phone_43.jpg, English_ivy
gs://backyardhacks2020-gcp/english_ivy_phone_44.jpg, English_ivy
gs://backyardhacks2020-gcp/english_ivy_phone_45.jpg, English_ivy
gs://backyardhacks2020-gcp/english_ivy_phone_46.jpg, English_ivy
gs://backyardhacks2020-gcp/english_ivy_phone_47.jpg, English_ivy
gs://backyardhacks2020-gcp/english_ivy_phone_48.jpg, English_ivy
gs://backyardhacks2020-gcp/english_ivy_phone_49.jpg, English_ivy
gs://backyardhacks2020-gcp/english_ivy_phone_5.jpg, English_ivy
gs://backyardhacks2020-gcp/english_ivy_phone_50.jpg, English_ivy
gs://backyardhacks2020-gcp/english_ivy_phone_51.jpg, English_ivy
gs://backyardhacks2020-gcp/english_ivy_phone_52.jpg, English_ivy
gs://backyardhacks2020-gcp/english_ivy_phone_53.jpg, English_ivy
gs://backyardhacks2020-gcp/english_ivy_phone_54.jpg, English_ivy
gs://backyardhacks2020-gcp/english_ivy_phone_55.jpg, English_ivy
gs://backyardhacks2020-gcp/english_ivy_phone_56.jpg, English_ivy
gs://backyardhacks2020-gcp/english_ivy_phone_57.jpg, English_ivy
gs://backyardhacks2020-gcp/english_ivy_phone_58.jpg, English_ivy
gs://backyardhacks2020-gcp/english_ivy_phone_59.jpg, English_ivy
gs://backyardhacks2020-gcp/english_ivy_phone_6.jpg, English_ivy
gs://backyardhacks2020-gcp/english_ivy_phone_60.jpg, English_ivy
gs://backyardhacks2020-gcp/english_ivy_phone_61.jpg, English_ivy
gs://backyardhacks2020-gcp/english_ivy_phone_62.jpg, English_ivy
gs://backyardhacks2020-gcp/english_ivy_phone_63.jpg, English_ivy
gs://backyardhacks2020-gcp/english_ivy_phone_64.jpg, English_ivy
gs://backyardhacks2020-gcp/english_ivy_phone_65.jpg, English_ivy
gs://backyardhacks2020-gcp/english_ivy_phone_66.jpg, English_ivy
gs://backyardhacks2020-gcp/english_ivy_phone_67.jpg, English_ivy
gs://backyardhacks2020-gcp/english_ivy_phone_68.jpg, English_ivy
gs://backyardhacks2020-gcp/english_ivy_phone_69.jpg, English_ivy
gs://backyardhacks2020-gcp/english_ivy_phone_7.jpg, English_ivy
gs://backyardhacks2020-gcp/english_ivy_phone_70.jpg, English_ivy
gs://backyardhacks2020-gcp/english_ivy_phone_71.jpg, English_ivy
gs://backyardhacks2020-gcp/english_ivy_phone_72.jpg, English_ivy
gs://backyardhacks2020-gcp/english_ivy_phone_73.jpg, English_ivy
gs://backyardhacks2020-gcp/english_ivy_phone_74.jpg, English_ivy
gs://backyardhacks2020-gcp/english_ivy_phone_75.jpg, English_ivy
gs://backyardhacks2020-gcp/english_ivy_phone_76.jpg, English_ivy
gs://backyardhacks2020-gcp/english_ivy_phone_77.jpg, English_ivy
gs://backyardhacks2020-gcp/english_ivy_phone_78.jpg, English_ivy
gs://backyardhacks2020-gcp/english_ivy_phone_79.jpg, English_ivy
gs://backyardhacks2020-gcp/english_ivy_phone_8.jpg, English_ivy
gs://backyardhacks2020-gcp/english_ivy_phone_80.jpg, English_ivy
gs://backyardhacks2020-gcp/english_ivy_phone_81.jpg, English_ivy
gs://backyardhacks2020-gcp/english_ivy_phone_82.jpg, English_ivy
gs://backyardhacks2020-gcp/english_ivy_phone_83.jpg, English_ivy
gs://backyardhacks2020-gcp/english_ivy_phone_84.jpg, English_ivy
gs://backyardhacks2020-gcp/english_ivy_phone_85.jpg, English_ivy
gs://backyardhacks2020-gcp/english_ivy_phone_86.jpg, English_ivy
gs://backyardhacks2020-gcp/english_ivy_phone_87.jpg, English_ivy
gs://backyardhacks2020-gcp/english_ivy_phone_88.jpg, English_ivy
gs://backyardhacks2020-gcp/english_ivy_phone_89.jpg, English_ivy
gs://backyardhacks2020-gcp/english_ivy_phone_9.jpg, English_ivy
gs://backyardhacks2020-gcp/english_ivy_phone_90.jpg, English_ivy
gs://backyardhacks2020-gcp/english_ivy_phone_91.jpg, English_ivy
gs://backyardhacks2020-gcp/english_ivy_phone_92.jpg, English_ivy
gs://backyardhacks2020-gcp/english_ivy_phone_93.jpg, English_ivy
gs://backyardhacks2020-gcp/english_ivy_phone_94.jpg, English_ivy
gs://backyardhacks2020-gcp/english_ivy_phone_95.jpg, English_ivy
gs://backyardhacks2020-gcp/english_ivy_phone_96.jpg, English_ivy
gs://backyardhacks2020-gcp/english_ivy_phone_97.jpg, English_ivy
gs://backyardhacks2020-gcp/english_ivy_phone_98.jpg, English_ivy
gs://backyardhacks2020-gcp/english_ivy_phone_99.jpg, English_ivy
gs://backyardhacks2020-gcp/hosta_phone_1.jpg, Hosta
gs://backyardhacks2020-gcp/hosta_phone_10.jpg, Hosta
gs://backyardhacks2020-gcp/hosta_phone_100.jpg, Hosta
gs://backyardhacks2020-gcp/hosta_phone_101.jpg, Hosta
gs://backyardhacks2020-gcp/hosta_phone_102.jpg, Hosta
gs://backyardhacks2020-gcp/hosta_phone_103.jpg, Hosta
gs://backyardhacks2020-gcp/hosta_phone_104.jpg, Hosta
gs://backyardhacks2020-gcp/hosta_phone_105.jpg, Hosta
gs://backyardhacks2020-gcp/hosta_phone_106.jpg, Hosta
gs://backyardhacks2020-gcp/hosta_phone_107.jpg, Hosta
gs://backyardhacks2020-gcp/hosta_phone_108.jpg, Hosta
gs://backyardhacks2020-gcp/hosta_phone_109.jpg, Hosta
gs://backyardhacks2020-gcp/hosta_phone_11.jpg, Hosta
gs://backyardhacks2020-gcp/hosta_phone_110.jpg, Hosta
gs://backyardhacks2020-gcp/hosta_phone_111.jpg, Hosta
gs://backyardhacks2020-gcp/hosta_phone_112.jpg, Hosta
gs://backyardhacks2020-gcp/hosta_phone_113.jpg, Hosta
gs://backyardhacks2020-gcp/hosta_phone_114.jpg, Hosta
gs://backyardhacks2020-gcp/hosta_phone_115.jpg, Hosta
gs://backyardhacks2020-gcp/hosta_phone_116.jpg, Hosta
gs://backyardhacks2020-gcp/hosta_phone_117.jpg, Hosta
gs://backyardhacks2020-gcp/hosta_phone_118.jpg, Hosta
gs://backyardhacks2020-gcp/hosta_phone_119.jpg, Hosta
gs://backyardhacks2020-gcp/hosta_phone_12.jpg, Hosta
gs://backyardhacks2020-gcp/hosta_phone_120.jpg, Hosta
gs://backyardhacks2020-gcp/hosta_phone_121.jpg, Hosta
gs://backyardhacks2020-gcp/hosta_phone_122.jpg, Hosta
gs://backyardhacks2020-gcp/hosta_phone_123.jpg, Hosta
gs://backyardhacks2020-gcp/hosta_phone_124.jpg, Hosta
gs://backyardhacks2020-gcp/hosta_phone_125.jpg, Hosta
gs://backyardhacks2020-gcp/hosta_phone_126.jpg, Hosta
gs://backyardhacks2020-gcp/hosta_phone_127.jpg, Hosta
gs://backyardhacks2020-gcp/hosta_phone_128.jpg, Hosta
gs://backyardhacks2020-gcp/hosta_phone_129.jpg, Hosta
gs://backyardhacks2020-gcp/hosta_phone_13.jpg, Hosta
gs://backyardhacks2020-gcp/hosta_phone_130.jpg, Hosta
gs://backyardhacks2020-gcp/hosta_phone_131.jpg, Hosta
gs://backyardhacks2020-gcp/hosta_phone_132.jpg, Hosta
gs://backyardhacks2020-gcp/hosta_phone_133.jpg, Hosta
gs://backyardhacks2020-gcp/hosta_phone_134.jpg, Hosta
gs://backyardhacks2020-gcp/hosta_phone_135.jpg, Hosta
gs://backyardhacks2020-gcp/hosta_phone_136.jpg, Hosta
gs://backyardhacks2020-gcp/hosta_phone_137.jpg, Hosta
gs://backyardhacks2020-gcp/hosta_phone_138.jpg, Hosta
gs://backyardhacks2020-gcp/hosta_phone_139.jpg, Hosta
gs://backyardhacks2020-gcp/hosta_phone_14.jpg, Hosta
gs://backyardhacks2020-gcp/hosta_phone_140.jpg, Hosta
gs://backyardhacks2020-gcp/hosta_phone_141.jpg, Hosta
gs://backyardhacks2020-gcp/hosta_phone_142.jpg, Hosta
gs://backyardhacks2020-gcp/hosta_phone_143.jpg, Hosta
gs://backyardhacks2020-gcp/hosta_phone_15.jpg, Hosta
gs://backyardhacks2020-gcp/hosta_phone_16.jpg, Hosta
gs://backyardhacks2020-gcp/hosta_phone_17.jpg, Hosta
gs://backyardhacks2020-gcp/hosta_phone_18.jpg, Hosta
gs://backyardhacks2020-gcp/hosta_phone_19.jpg, Hosta
gs://backyardhacks2020-gcp/hosta_phone_2.jpg, Hosta
gs://backyardhacks2020-gcp/hosta_phone_20.jpg, Hosta
gs://backyardhacks2020-gcp/hosta_phone_21.jpg, Hosta
gs://backyardhacks2020-gcp/hosta_phone_22.jpg, Hosta
gs://backyardhacks2020-gcp/hosta_phone_23.jpg, Hosta
gs://backyardhacks2020-gcp/hosta_phone_24.jpg, Hosta
gs://backyardhacks2020-gcp/hosta_phone_25.jpg, Hosta
gs://backyardhacks2020-gcp/hosta_phone_26.jpg, Hosta
gs://backyardhacks2020-gcp/hosta_phone_27.jpg, Hosta
gs://backyardhacks2020-gcp/hosta_phone_28.jpg, Hosta
gs://backyardhacks2020-gcp/hosta_phone_29.jpg, Hosta
gs://backyardhacks2020-gcp/hosta_phone_3.jpg, Hosta
gs://backyardhacks2020-gcp/hosta_phone_30.jpg, Hosta
gs://backyardhacks2020-gcp/hosta_phone_31.jpg, Hosta
gs://backyardhacks2020-gcp/hosta_phone_32.jpg, Hosta
gs://backyardhacks2020-gcp/hosta_phone_33.jpg, Hosta
gs://backyardhacks2020-gcp/hosta_phone_34.jpg, Hosta
gs://backyardhacks2020-gcp/hosta_phone_35.jpg, Hosta
gs://backyardhacks2020-gcp/hosta_phone_36.jpg, Hosta
gs://backyardhacks2020-gcp/hosta_phone_37.jpg, Hosta
gs://backyardhacks2020-gcp/hosta_phone_38.jpg, Hosta
gs://backyardhacks2020-gcp/hosta_phone_39.jpg, Hosta
gs://backyardhacks2020-gcp/hosta_phone_4.jpg, Hosta
gs://backyardhacks2020-gcp/hosta_phone_40.jpg, Hosta
gs://backyardhacks2020-gcp/hosta_phone_41.jpg, Hosta
gs://backyardhacks2020-gcp/hosta_phone_42.jpg, Hosta
gs://backyardhacks2020-gcp/hosta_phone_43.jpg, Hosta
gs://backyardhacks2020-gcp/hosta_phone_44.jpg, Hosta
gs://backyardhacks2020-gcp/hosta_phone_45.jpg, Hosta
gs://backyardhacks2020-gcp/hosta_phone_46.jpg, Hosta
gs://backyardhacks2020-gcp/hosta_phone_47.jpg, Hosta
gs://backyardhacks2020-gcp/hosta_phone_48.jpg, Hosta
gs://backyardhacks2020-gcp/hosta_phone_49.jpg, Hosta
gs://backyardhacks2020-gcp/hosta_phone_5.jpg, Hosta
gs://backyardhacks2020-gcp/hosta_phone_50.jpg, Hosta
gs://backyardhacks2020-gcp/hosta_phone_51.jpg, Hosta
gs://backyardhacks2020-gcp/hosta_phone_52.jpg, Hosta
gs://backyardhacks2020-gcp/hosta_phone_53.jpg, Hosta
gs://backyardhacks2020-gcp/hosta_phone_54.jpg, Hosta
gs://backyardhacks2020-gcp/hosta_phone_55.jpg, Hosta
gs://backyardhacks2020-gcp/hosta_phone_56.jpg, Hosta
gs://backyardhacks2020-gcp/hosta_phone_57.jpg, Hosta
gs://backyardhacks2020-gcp/hosta_phone_58.jpg, Hosta
gs://backyardhacks2020-gcp/hosta_phone_59.jpg, Hosta
gs://backyardhacks2020-gcp/hosta_phone_6.jpg, Hosta
gs://backyardhacks2020-gcp/hosta_phone_60.jpg, Hosta
gs://backyardhacks2020-gcp/hosta_phone_61.jpg, Hosta
gs://backyardhacks2020-gcp/hosta_phone_62.jpg, Hosta
gs://backyardhacks2020-gcp/hosta_phone_63.jpg, Hosta
gs://backyardhacks2020-gcp/hosta_phone_64.jpg, Hosta
gs://backyardhacks2020-gcp/hosta_phone_65.jpg, Hosta
gs://backyardhacks2020-gcp/hosta_phone_66.jpg, Hosta
gs://backyardhacks2020-gcp/hosta_phone_67.jpg, Hosta
gs://backyardhacks2020-gcp/hosta_phone_68.jpg, Hosta
gs://backyardhacks2020-gcp/hosta_phone_69.jpg, Hosta
gs://backyardhacks2020-gcp/hosta_phone_7.jpg, Hosta
gs://backyardhacks2020-gcp/hosta_phone_70.jpg, Hosta
gs://backyardhacks2020-gcp/hosta_phone_71.jpg, Hosta
gs://backyardhacks2020-gcp/hosta_phone_72.jpg, Hosta
gs://backyardhacks2020-gcp/hosta_phone_73.jpg, Hosta
gs://backyardhacks2020-gcp/hosta_phone_74.jpg, Hosta
gs://backyardhacks2020-gcp/hosta_phone_75.jpg, Hosta
gs://backyardhacks2020-gcp/hosta_phone_76.jpg, Hosta
gs://backyardhacks2020-gcp/hosta_phone_77.jpg, Hosta
gs://backyardhacks2020-gcp/hosta_phone_78.jpg, Hosta
gs://backyardhacks2020-gcp/hosta_phone_79.jpg, Hosta
gs://backyardhacks2020-gcp/hosta_phone_8.jpg, Hosta
gs://backyardhacks2020-gcp/hosta_phone_80.jpg, Hosta
gs://backyardhacks2020-gcp/hosta_phone_81.jpg, Hosta
gs://backyardhacks2020-gcp/hosta_phone_82.jpg, Hosta
gs://backyardhacks2020-gcp/hosta_phone_83.jpg, Hosta
gs://backyardhacks2020-gcp/hosta_phone_84.jpg, Hosta
gs://backyardhacks2020-gcp/hosta_phone_85.jpg, Hosta
gs://backyardhacks2020-gcp/hosta_phone_86.jpg, Hosta
gs://backyardhacks2020-gcp/hosta_phone_87.jpg, Hosta
gs://backyardhacks2020-gcp/hosta_phone_88.jpg, Hosta
gs://backyardhacks2020-gcp/hosta_phone_89.jpg, Hosta
gs://backyardhacks2020-gcp/hosta_phone_9.jpg, Hosta
gs://backyardhacks2020-gcp/hosta_phone_90.jpg, Hosta
gs://backyardhacks2020-gcp/hosta_phone_91.jpg, Hosta
gs://backyardhacks2020-gcp/hosta_phone_92.jpg, Hosta
gs://backyardhacks2020-gcp/hosta_phone_93.jpg, Hosta
gs://backyardhacks2020-gcp/hosta_phone_94.jpg, Hosta
gs://backyardhacks2020-gcp/hosta_phone_95.jpg, Hosta
gs://backyardhacks2020-gcp/hosta_phone_96.jpg, Hosta
gs://backyardhacks2020-gcp/hosta_phone_97.jpg, Hosta
gs://backyardhacks2020-gcp/hosta_phone_98.jpg, Hosta
gs://backyardhacks2020-gcp/hosta_phone_99.jpg, Hosta
gs://backyardhacks2020-gcp/none_of_the_above_internet_1.jpg, None_of_the_above
gs://backyardhacks2020-gcp/none_of_the_above_internet_10.jpg, None_of_the_above
gs://backyardhacks2020-gcp/none_of_the_above_internet_11.jpg, None_of_the_above
gs://backyardhacks2020-gcp/none_of_the_above_internet_12.jpg, None_of_the_above
gs://backyardhacks2020-gcp/none_of_the_above_internet_13.jpg, None_of_the_above
gs://backyardhacks2020-gcp/none_of_the_above_internet_14.jpg, None_of_the_above
gs://backyardhacks2020-gcp/none_of_the_above_internet_15.jpg, None_of_the_above
gs://backyardhacks2020-gcp/none_of_the_above_internet_16.jpg, None_of_the_above
gs://backyardhacks2020-gcp/none_of_the_above_internet_17.jpg, None_of_the_above
gs://backyardhacks2020-gcp/none_of_the_above_internet_18.jpg, None_of_the_above
gs://backyardhacks2020-gcp/none_of_the_above_internet_19.jpg, None_of_the_above
gs://backyardhacks2020-gcp/none_of_the_above_internet_2.jpg, None_of_the_above
gs://backyardhacks2020-gcp/none_of_the_above_internet_20.jpg, None_of_the_above
gs://backyardhacks2020-gcp/none_of_the_above_internet_21.jpg, None_of_the_above
gs://backyardhacks2020-gcp/none_of_the_above_internet_22.jpg, None_of_the_above
gs://backyardhacks2020-gcp/none_of_the_above_internet_23.jpg, None_of_the_above
gs://backyardhacks2020-gcp/none_of_the_above_internet_24.jpg, None_of_the_above
gs://backyardhacks2020-gcp/none_of_the_above_internet_25.jpg, None_of_the_above
gs://backyardhacks2020-gcp/none_of_the_above_internet_26.jpg, None_of_the_above
gs://backyardhacks2020-gcp/none_of_the_above_internet_27.jpg, None_of_the_above
gs://backyardhacks2020-gcp/none_of_the_above_internet_28.jpg, None_of_the_above
gs://backyardhacks2020-gcp/none_of_the_above_internet_29.jpg, None_of_the_above
gs://backyardhacks2020-gcp/none_of_the_above_internet_3.jpg, None_of_the_above
gs://backyardhacks2020-gcp/none_of_the_above_internet_30.jpg, None_of_the_above
gs://backyardhacks2020-gcp/none_of_the_above_internet_31.jpg, None_of_the_above
gs://backyardhacks2020-gcp/none_of_the_above_internet_32.jpg, None_of_the_above
gs://backyardhacks2020-gcp/none_of_the_above_internet_33.jpg, None_of_the_above
gs://backyardhacks2020-gcp/none_of_the_above_internet_34.jpg, None_of_the_above
gs://backyardhacks2020-gcp/none_of_the_above_internet_35.jpg, None_of_the_above
gs://backyardhacks2020-gcp/none_of_the_above_internet_36.jpg, None_of_the_above
gs://backyardhacks2020-gcp/none_of_the_above_internet_37.jpg, None_of_the_above
gs://backyardhacks2020-gcp/none_of_the_above_internet_38.jpg, None_of_the_above
gs://backyardhacks2020-gcp/none_of_the_above_internet_39.jpg, None_of_the_above
gs://backyardhacks2020-gcp/none_of_the_above_internet_4.jpg, None_of_the_above
gs://backyardhacks2020-gcp/none_of_the_above_internet_40.jpg, None_of_the_above
gs://backyardhacks2020-gcp/none_of_the_above_internet_41.jpg, None_of_the_above
gs://backyardhacks2020-gcp/none_of_the_above_internet_42.jpg, None_of_the_above
gs://backyardhacks2020-gcp/none_of_the_above_internet_43.jpg, None_of_the_above
gs://backyardhacks2020-gcp/none_of_the_above_internet_44.jpg, None_of_the_above
gs://backyardhacks2020-gcp/none_of_the_above_internet_45.jpg, None_of_the_above
gs://backyardhacks2020-gcp/none_of_the_above_internet_46.jpg, None_of_the_above
gs://backyardhacks2020-gcp/none_of_the_above_internet_47.jpg, None_of_the_above
gs://backyardhacks2020-gcp/none_of_the_above_internet_48.jpg, None_of_the_above
gs://backyardhacks2020-gcp/none_of_the_above_internet_49.jpg, None_of_the_above
gs://backyardhacks2020-gcp/none_of_the_above_internet_5.jpg, None_of_the_above
gs://backyardhacks2020-gcp/none_of_the_above_internet_50.jpg, None_of_the_above
gs://backyardhacks2020-gcp/none_of_the_above_internet_51.jpg, None_of_the_above
gs://backyardhacks2020-gcp/none_of_the_above_internet_52.jpg, None_of_the_above
gs://backyardhacks2020-gcp/none_of_the_above_internet_53.jpg, None_of_the_above
gs://backyardhacks2020-gcp/none_of_the_above_internet_54.jpg, None_of_the_above
gs://backyardhacks2020-gcp/none_of_the_above_internet_55.jpg, None_of_the_above
gs://backyardhacks2020-gcp/none_of_the_above_internet_56.jpg, None_of_the_above
gs://backyardhacks2020-gcp/none_of_the_above_internet_57.jpg, None_of_the_above
gs://backyardhacks2020-gcp/none_of_the_above_internet_58.jpg, None_of_the_above
gs://backyardhacks2020-gcp/none_of_the_above_internet_59.jpg, None_of_the_above
gs://backyardhacks2020-gcp/none_of_the_above_internet_6.jpg, None_of_the_above
gs://backyardhacks2020-gcp/none_of_the_above_internet_60.jpg, None_of_the_above
gs://backyardhacks2020-gcp/none_of_the_above_internet_7.jpg, None_of_the_above
gs://backyardhacks2020-gcp/none_of_the_above_internet_8.jpg, None_of_the_above
gs://backyardhacks2020-gcp/none_of_the_above_internet_9.jpg, None_of_the_above
gs://backyardhacks2020-gcp/none_of_the_above_phone_1.jpg, None_of_the_above
gs://backyardhacks2020-gcp/none_of_the_above_phone_10.jpg, None_of_the_above
gs://backyardhacks2020-gcp/none_of_the_above_phone_11.jpg, None_of_the_above
gs://backyardhacks2020-gcp/none_of_the_above_phone_12.jpg, None_of_the_above
gs://backyardhacks2020-gcp/none_of_the_above_phone_13.jpg, None_of_the_above
gs://backyardhacks2020-gcp/none_of_the_above_phone_14.jpg, None_of_the_above
gs://backyardhacks2020-gcp/none_of_the_above_phone_15.jpg, None_of_the_above
gs://backyardhacks2020-gcp/none_of_the_above_phone_16.jpg, None_of_the_above
gs://backyardhacks2020-gcp/none_of_the_above_phone_17.jpg, None_of_the_above
gs://backyardhacks2020-gcp/none_of_the_above_phone_18.jpg, None_of_the_above
gs://backyardhacks2020-gcp/none_of_the_above_phone_19.jpg, None_of_the_above
gs://backyardhacks2020-gcp/none_of_the_above_phone_2.jpg, None_of_the_above
gs://backyardhacks2020-gcp/none_of_the_above_phone_20.jpg, None_of_the_above
gs://backyardhacks2020-gcp/none_of_the_above_phone_21.jpg, None_of_the_above
gs://backyardhacks2020-gcp/none_of_the_above_phone_22.jpg, None_of_the_above
gs://backyardhacks2020-gcp/none_of_the_above_phone_23.jpg, None_of_the_above
gs://backyardhacks2020-gcp/none_of_the_above_phone_24.jpg, None_of_the_above
gs://backyardhacks2020-gcp/none_of_the_above_phone_25.jpg, None_of_the_above
gs://backyardhacks2020-gcp/none_of_the_above_phone_26.jpg, None_of_the_above
gs://backyardhacks2020-gcp/none_of_the_above_phone_27.jpg, None_of_the_above
gs://backyardhacks2020-gcp/none_of_the_above_phone_28.jpg, None_of_the_above
gs://backyardhacks2020-gcp/none_of_the_above_phone_29.jpg, None_of_the_above
gs://backyardhacks2020-gcp/none_of_the_above_phone_3.jpg, None_of_the_above
gs://backyardhacks2020-gcp/none_of_the_above_phone_30.jpg, None_of_the_above
gs://backyardhacks2020-gcp/none_of_the_above_phone_31.jpg, None_of_the_above
gs://backyardhacks2020-gcp/none_of_the_above_phone_32.jpg, None_of_the_above
gs://backyardhacks2020-gcp/none_of_the_above_phone_33.jpg, None_of_the_above
gs://backyardhacks2020-gcp/none_of_the_above_phone_34.jpg, None_of_the_above
gs://backyardhacks2020-gcp/none_of_the_above_phone_35.jpg, None_of_the_above
gs://backyardhacks2020-gcp/none_of_the_above_phone_36.jpg, None_of_the_above
gs://backyardhacks2020-gcp/none_of_the_above_phone_37.jpg, None_of_the_above
gs://backyardhacks2020-gcp/none_of_the_above_phone_38.jpg, None_of_the_above
gs://backyardhacks2020-gcp/none_of_the_above_phone_4.jpg, None_of_the_above
gs://backyardhacks2020-gcp/none_of_the_above_phone_5.jpg, None_of_the_above
gs://backyardhacks2020-gcp/none_of_the_above_phone_6.jpg, None_of_the_above
gs://backyardhacks2020-gcp/none_of_the_above_phone_7.jpg, None_of_the_above
gs://backyardhacks2020-gcp/none_of_the_above_phone_8.jpg, None_of_the_above
gs://backyardhacks2020-gcp/none_of_the_above_phone_9.jpg, None_of_the_above